timeStamp,elapsed,label,responseCode,responseMessage,threadName,dataType,success,failureMessage,bytes,sentBytes,grpThreads,allThreads,URL,Latency,IdleTime,Connect
1733990896001,548,Home Page,200,OK,Scenario 1 1-1,text,true,,1007,307,1,1,http://example.org/,547,0,276
1733990897003,525,Home Page,200,OK,Scenario 1 1-2,text,true,,1024,307,2,2,http://example.org/,525,0,262
1733990897624,273,Page Returning 404,404,Not Found,Scenario 1 1-1,text,true,,1025,311,2,2,http://example.org/test,272,0,0
1733990897900,272,Home Page,200,OK,Scenario 1 1-1,text,true,,1007,307,3,3,http://example.org/,271,0,0
1733990898002,542,Home Page,200,OK,Scenario 1 1-3,text,true,,1007,307,3,3,http://example.org/,542,0,270
1733990898584,265,Page Returning 404,404,Not Found,Scenario 1 1-2,text,true,,1025,311,3,3,http://example.org/test,265,0,0
1733990898850,263,Home Page,200,OK,Scenario 1 1-2,text,true,,1024,307,4,4,http://example.org/,263,0,0
1733990899188,272,Page Returning 404,404,Not Found,Scenario 1 1-1,text,true,,1025,311,4,4,http://example.org/test,272,0,0
1733990899001,550,Home Page,200,OK,Scenario 1 1-4,text,true,,1007,307,4,4,http://example.org/,550,0,274
1733990899461,271,Home Page,200,OK,Scenario 1 1-1,text,true,,1007,307,4,4,http://example.org/,271,0,0
1733990899555,273,Page Returning 404,404,Not Found,Scenario 1 1-3,text,true,,1025,311,4,4,http://example.org/test,272,0,0
1733990899829,272,Home Page,200,OK,Scenario 1 1-3,text,true,,1007,307,5,5,http://example.org/,271,0,0
1733990900153,265,Page Returning 404,404,Not Found,Scenario 1 1-2,text,true,,1025,311,5,5,http://example.org/test,265,0,0
1733990900000,551,Home Page,200,OK,Scenario 1 1-5,text,true,,1007,307,5,5,http://example.org/,551,0,275
1733990900418,263,Home Page,200,OK,Scenario 1 1-2,text,true,,1024,307,5,5,http://example.org/,263,0,0
1733990900591,278,Page Returning 404,404,Not Found,Scenario 1 1-4,text,true,,1025,311,5,5,http://example.org/test,278,0,0
1733990900778,278,Page Returning 404,404,Not Found,Scenario 1 1-1,text,true,,1025,311,5,5,http://example.org/test,278,0,0
1733990900871,279,Home Page,200,OK,Scenario 1 1-4,text,true,,1007,307,5,5,http://example.org/,279,0,0
1733990901057,271,Home Page,200,OK,Scenario 1 1-1,text,true,,1007,307,5,5,http://example.org/,271,0,0
1733990901132,273,Page Returning 404,404,Not Found,Scenario 1 1-3,text,true,,1025,311,5,5,http://example.org/test,273,0,0
1733990901406,272,Home Page,200,OK,Scenario 1 1-3,text,true,,1007,307,5,5,http://example.org/,272,0,0
1733990901619,277,Page Returning 404,404,Not Found,Scenario 1 1-5,text,true,,1025,311,5,5,http://example.org/test,277,0,0
1733990901776,270,Page Returning 404,404,Not Found,Scenario 1 1-2,text,true,,1025,311,5,5,http://example.org/test,270,0,0
1733990901896,276,Home Page,200,OK,Scenario 1 1-5,text,true,,1007,307,5,5,http://example.org/,276,0,0
1733990902046,262,Home Page,200,OK,Scenario 1 1-2,text,true,,1024,307,5,5,http://example.org/,262,0,0
1733990902185,278,Page Returning 404,404,Not Found,Scenario 1 1-4,text,true,,1025,311,5,5,http://example.org/test,278,0,0
1733990902369,273,Page Returning 404,404,Not Found,Scenario 1 1-1,text,true,,1025,311,5,5,http://example.org/test,273,0,0
1733990902464,278,Home Page,200,OK,Scenario 1 1-4,text,true,,1007,307,5,5,http://example.org/,277,0,0
1733990902643,272,Home Page,200,OK,Scenario 1 1-1,text,true,,1007,307,5,5,http://example.org/,272,0,0
1733990902712,274,Page Returning 404,404,Not Found,Scenario 1 1-3,text,true,,1025,311,5,5,http://example.org/test,274,0,0
1733990902987,272,Home Page,200,OK,Scenario 1 1-3,text,true,,1007,307,5,5,http://example.org/,272,0,0
1733990903248,279,Page Returning 404,404,Not Found,Scenario 1 1-5,text,true,,1025,311,5,5,http://example.org/test,279,0,0
1733990903343,266,Page Returning 404,404,Not Found,Scenario 1 1-2,text,true,,1025,311,5,5,http://example.org/test,266,0,0
1733990903528,276,Home Page,200,OK,Scenario 1 1-5,text,true,,1007,307,5,5,http://example.org/,276,0,0
1733990903610,263,Home Page,200,OK,Scenario 1 1-2,text,true,,1024,307,5,5,http://example.org/,263,0,0
1733990903815,279,Page Returning 404,404,Not Found,Scenario 1 1-4,text,true,,1025,311,5,5,http://example.org/test,278,0,0
1733990903995,273,Page Returning 404,404,Not Found,Scenario 1 1-1,text,true,,1025,311,5,5,http://example.org/test,273,0,0
1733990904094,276,Home Page,200,OK,Scenario 1 1-4,text,true,,1007,307,5,5,http://example.org/,275,0,0
1733990904269,271,Home Page,200,OK,Scenario 1 1-1,text,true,,1007,307,5,5,http://example.org/,271,0,0
1733990904346,275,Page Returning 404,404,Not Found,Scenario 1 1-3,text,true,,1025,311,5,5,http://example.org/test,275,0,0
1733990904621,272,Home Page,200,OK,Scenario 1 1-3,text,true,,1007,307,5,5,http://example.org/,272,0,0
1733990904870,278,Page Returning 404,404,Not Found,Scenario 1 1-5,text,true,,1025,311,5,5,http://example.org/test,278,0,0
1733990904914,264,Page Returning 404,404,Not Found,Scenario 1 1-2,text,true,,1025,311,5,5,http://example.org/test,264,0,0
1733990905149,284,Home Page,200,OK,Scenario 1 1-5,text,true,,1007,307,5,5,http://example.org/,283,0,0
1733990905179,263,Home Page,200,OK,Scenario 1 1-2,text,true,,1024,307,5,5,http://example.org/,263,0,0
1733990905416,278,Page Returning 404,404,Not Found,Scenario 1 1-4,text,true,,1025,311,5,5,http://example.org/test,278,0,0
1733990905570,271,Page Returning 404,404,Not Found,Scenario 1 1-1,text,true,,1025,311,5,5,http://example.org/test,271,0,0
1733990905695,276,Home Page,200,OK,Scenario 1 1-4,text,true,,1007,307,5,5,http://example.org/,276,0,0
1733990905842,271,Home Page,200,OK,Scenario 1 1-1,text,true,,1007,307,5,5,http://example.org/,271,0,0
1733990905950,274,Page Returning 404,404,Not Found,Scenario 1 1-3,text,true,,1025,311,5,5,http://example.org/test,274,0,0
1733990906225,272,Home Page,200,OK,Scenario 1 1-3,text,true,,1007,307,5,5,http://example.org/,272,0,0
1733990906473,279,Page Returning 404,404,Not Found,Scenario 1 1-5,text,true,,1025,311,5,5,http://example.org/test,279,0,0
1733990906541,266,Page Returning 404,404,Not Found,Scenario 1 1-2,text,true,,1025,311,5,5,http://example.org/test,266,0,0
1733990906753,277,Home Page,200,OK,Scenario 1 1-5,text,true,,1007,307,5,5,http://example.org/,277,0,0
1733990906807,262,Home Page,200,OK,Scenario 1 1-2,text,true,,1024,307,5,5,http://example.org/,262,0,0
1733990906976,279,Page Returning 404,404,Not Found,Scenario 1 1-4,text,true,,1025,311,5,5,http://example.org/test,279,0,0
1733990907119,272,Page Returning 404,404,Not Found,Scenario 1 1-1,text,true,,1025,311,5,5,http://example.org/test,272,0,0
1733990907256,279,Home Page,200,OK,Scenario 1 1-4,text,true,,1007,307,5,5,http://example.org/,279,0,0
1733990907391,287,Home Page,200,OK,Scenario 1 1-1,text,true,,1007,307,5,5,http://example.org/,287,0,0
1733990907595,273,Page Returning 404,404,Not Found,Scenario 1 1-3,text,true,,1025,311,4,4,http://example.org/test,273,0,0
